title,text,publish_date,url
"Johnson Vs. Zellhuber Odds, Full Fight Preview & Prediction","Ultimate Fighting Championship (UFC) Lightweight sluggers Michael Johnson vs. Daniel Zellhuber will go to war this weekend (Sat., July 19, 2025) at UFC 318 inside Smooth King Center in New Orleans, Louisiana. Recent results have served as proof that “The Menace” has still got it! On my scorecard, the famously inconsistent knockout artist has won five of his last six (the judges wrongly went against him in the Jamie Mullarkey bout). At 39 years of age, he’s still throwing down with young talent and putting on the hurt. Zellhuber, conversely, is coming off a “Fight of the Year” worthy defeat to Esteban Ribovics last year at Noche UFC. Prior to that exciting defeat, the 26-year-old prospect had won three straight and picked up several performance bonuses, very much looking the part of a future contender. Let’s take a closer look at the betting odds and strategic keys for each athlete: Johnson vs. Zellhuber Betting Odds - Michael Johnson victory: +380 - Michael Johnson via TKO/KO/DQ: +1000 - Michael Johnson via submission: +4000 - Michael Johnson via decision: +800 - Daniel Zellhuber victory: -500 - Daniel Zellhuber via TKO/KO/DQ: +150 - Daniel Zellhuber via submission: +400 - Daniel Zellhuber via decision: +165 - Odds via DraftKings Sportsbook How Johnson Wins Michael Johnson has been there and done that. For well over a decade now, the Southpaw slugger has stood toe-to-toe with the best Lightweight has to offer. His win/loss ratio may not be the prettiest, but he nevertheless has an incredible resume of excellent wins and tough opposition. Reminder: we’re talking about a man who beat excellent versions of Tony Ferguson, Dustin Poirier, and Edson Barboza. Speaking of Barboza, it’s time to return to that game plan. Opposite the outstanding kicker, Johnson relentlessly pressured and employed the “first and third” strategy to great effect. He would initiate his combination, slip/block/absorb whatever Barboza threw back at him, and then fire again. This pace exhausted Barboza and slowed his reactions, allowing Johnson to get inside the kicking range and tee off. Against the rangy Zellhuber, he’ll have to employ similar tactics. He’s not going to win this fight by standing around at distance getting kicked, so it’s up to the veteran to seize the initiative and make an upset happen. How Zellhuber Wins At 6’1” with a 77” reach, Zellhuber is one of the larger Lightweights on the roster. Better yet, he knows how to use that size, having built up a nice kickboxing game that breaks opponents down with long kicks, close range elbows, straight punches, and accurate counter shots. He’s stopped 10 foes via knockout or submission. Zellhuber fought really well for much of the Ribovics loss. He controlled range and punished his foe’s entrances often, it’s just that Ribovics was tough as nails and kept throwing anyway, eventually evening the score. Johnson, 17 years into his professional career, is unlikely to have that same durability. Zellhuber is at his best when kicking and jabbing, forcing his foe to walk through fire. If he can keep a high volume of long range output, he should be able to time a counter sooner than later. Catch Johnson mid-punch with a straight of his own, and Zellhuber will be right back in the win column. Johnson vs. Zellhuber Prediction I have very much enjoyed Johnson’s recent resurgence. He was looking rather rough during the four-fight losing streak that culminated in a decision defeat to Clay Guida in 2021, but his work since then has been genuinely good. He’s focused in the cage, playing to his strengths, and avoiding silly mistakes. Unfortunately, I also have to admit that he hasn’t beaten anyone as talented as Zellhuber in many years now. For Johnson to take this win consistently, a full-on Robbie Lawler-esque career renaissance would be required, and one fighter out of every 1000 pulls that off. “The Menace” will always have a chance given his power, but the odds are against him. Prediction: Zellhuber via decision Remember that MMAmania.com will deliver LIVE round-by-round, blow-by-blow coverage of the entire UFC 318 fight card right here, starting with the ESPN/ESPN+ “Prelims” matches online, which are scheduled to begin at 6:15 p.m. ET, before the main card start time at 10 p.m. ET (also on ESPN+). To check out the latest and greatest UFC 318: “Holloway vs. Poirier 3” news and notes be sure to hit up our comprehensive event archive right here. Loading comments...",2025-07-15,https://www.mmamania.com/2025/7/15/24468012/michael-johnson-vs-daniel-zellhuber-odds-full-fight-preview-and-prediction-ufc-318-espn-mma
"Michael Johnson vs. Daniel Zellhuber, UFC 318 | MMA Bout | Tapology","Fighter Comparison | Johnson | Zellhuber | ||| | #47 LightW (Worldwide) | Ranking | #38 LightW (Worldwide) | || | 23-19-0 MMA | Pro Record | 15-2-0 MMA | || | 2024 2022 | Last 5 Fights | 2024 2022 | || | +400 (Heavy Underdog) | Betting Odds | -575 (Heavy Favorite) | || | | Nation | | || | Boca Raton Florida | Fights out of | Méx. MX | || | 39 +1 month, 2 wks, 1 day | Age at Fight | 26 +1 week, 5 days | || | 156.0 lbs (70.8 kgs) | Latest Weight | 155.0 lbs (70.3 kgs) | || | 5'10"" (178cm) | Height | 6'1"" (185cm) | || | 73.5"" (187cm) | Reach | 77.0"" (196cm) | || | Kill Cliff FC | Gym | Xtreme Couture | Johnson vs. Zellhuber Fight Predictions Fight Predictions Tapology Community Picks: 1,190 Bout Information Event Poster Fight Details - Event: UFC 318: Holloway vs. Poirier 3 - Date: Saturday 07.19.2025 at 06:00 PM ET - Referee: N/A - Venue: Smoothie King Center - Enclosure: Octagon - Location: New Orleans, Louisiana, United States - Bout Billing: Main Card (fight 10 of 14) - Pro/Am: Professional - Weight: 155 lbs (70.3 kg) - Event Links:",2025-04-25,https://www.tapology.com/fightcenter/bouts/1004772-ufc-318-michael-the-menace-johnson-vs-daniel-golden-boy-zellhuber
"Daniel Zellhuber sees Michael Johnson as a 'stepping stone,' promises KO at UFC 318","Daniel Zellhuber sees Michael Johnson as a 'stepping stone,' promises KO at UFC 318 Daniel Zellhuber expects a big win at UFC 318. Dustin Poirier vs. Max Holloway 3, rightfully so, has drawn most of the attention of the MMA community heading into Saturday's UFC 318, given it's the main event and Poirier's farewell from the sport. But down below, in the opening bout of the UFC 318 (pay-per-view, ESPN, ESPN+) pay-per-view card, there's another lightweight matchup that's heating up. Mexican prospect Daniel Zellhuber takes on one of the three men to ever knock out Poirier, UFC veteran Michael Johnson. This matchup wasn't just a fun booking from the UFC matchmakers, it was a fight Zellhuber picked himself. ""I began to bother Michael Johnson, making fun of him here and there, calling him old, and it worked,"" Zellhuber told Hablemos MMA in Spanish. ""I got his attention. He blocked me on Instagram, which I thought was very funny. After he blocked me on Instagram, it got even funnier."" After taking some online shots from Zellhuber (15-2 MMA, 3-2 UFC), Johnson (23-19 MMA, 15-15 UFC) confronted ""Golden Boy"" while he was working the Spanish broadcast for UFC Fight Night 256 in May. The two traded verbal jabs, and then Johnson went his own way. ""That day on the broadcast, he came up to me. I had been bothering him, and looking for that fight before I got injured for Mexico,"" Zellhuber said. ""He didn't want to fight with me. He kept turning it down, turning down, and turning it down, like throwing a tantrum. He has like 30 years in this game and can't take a joke online. That's wild. ""He blocked me on Instagram, threw a fit, and finally that day he thought it was a good idea to confront me. That day I was working, so it's not like I could do anything. We had words for each other, nothing that crossed any lines. I'd never take things too far. So we had a few words and a few weeks later, I got the word I was fighting him. I think he still has me blocked on Instagram."" Zellhuber really likes the matchup against Johnson, hence the callout. He's happy the fight was able to come together for UFC 318 and sees Johnson as a step towards his ultimate goal – the UFC lightweight title. ""I've prepared very well, and we did an extensive study of all his fights,"" Zellhuber said. ""I've noticed he hasn't really improved, and I mean, why would he? He's 40 years old. He's in the UFC because he goes out there, fights hard, gives somewhat of a show, and he serves as a stepping stone for young fighters like myself. In the end, that's what this is. He's just one more step in my career."" As far as the fight itself, Zellhuber doesn't expect a war like the one he was in last September against Esteban Ribovics, which won MMA Junkie's Fight of the Year. He believes he will put away Johnson. ""He needs to make the most out of this opportunity because after I knock him out on Saturday, he's not going to get another call to fight on a pay-per-view.""",2025-07-16,https://mmajunkie.usatoday.com/story/sports/mma/hablemos-mma/2025/07/16/ufc-318-daniel-zellhuber-prediction-knockout-promise-vs-michael-johnson/85216035007/
Michael Johnson Vs. Daniel Zellhuber - Fights Odds And Match Preview,"Michael Johnson vs. Daniel Zellhuber – Fights Odds and Match Preview The lightweight clash between Michael Johnson and Daniel Zellhuber is set for UFC 318 on July 19, 2025, in New Orleans. This fight opens the main card and features a classic matchup between a seasoned veteran and a rising prospect, with significant implications for both fighters’ careers. Michael Johnson vs. Daniel Zellhuber – Odds Heading into UFC 318, Daniel Zellhuber is a heavy favorite over Michael Johnson. The best odds bookmakers currently list Zellhuber at odds ranging from -500 to -450, meaning you’d need to bet $500 to win $100 on him. In contrast, Johnson is a significant underdog, with odds between +350 and +380, so a $100 bet on Johnson would return $350 to $380 if he pulls off the upset. When the UFC fight was first announced, Zellhuber opened as a strong favorite at around -350, while Johnson was at +285. As fight week has progressed, the odds have moved even further in Zellhuber’s favor, with his line climbing to as high as -500 and Johnson’s drifting out to +375 or more. This shift shows that the betting public and oddsmakers have grown even more confident in Zellhuber as the event approaches. Time: The most common prop bet is for the fight to go the distance (all three rounds), with Zellhuber winning on the judges’ scorecards. There’s also some interest in the fight ending before the third round, but the decision outcome is favored. For Zellhuber, it’s an opportunity to claim a veteran scalp and accelerate his rise. Beating Johnson would show he can handle experienced, dangerous opponents and could put him on the radar for tougher, ranked competition. Johnson relies on his sharp boxing, hand speed, and footwork. He’s most dangerous early, with eight first-round finishes in his career. His takedown defense and experience against elite competition are key assets, though he’s sometimes struggled with consistency and grappling-heavy opponents. Zellhuber brings a more modern MMA style, using his reach to keep opponents at bay with jabs and kicks, but also mixing in takedowns and grappling exchanges. He’s shown good composure for a young fighter and has the physical tools to give problems to shorter, older lightweights. Zellhuber enters this bout looking to rebound from a close split-decision loss, which snapped his three-fight UFC win streak. At just 25 years old, he’s seen as a potential future contender, eager to prove himself against a respected veteran like Johnson. Odds have shifted further toward Zellhuber as fight night approaches, indicating growing confidence in his chances.",2025-07-14,https://www.lowkickmma.com/michael-johnson-vs-daniel-zellhuber-fights-odds-and-match-preview/
"UFC 318 Fight Card Odds, Picks And Predictions: Johnson Vs. Zellhuber","Opening the UFC 318 pay-per-view fight card is a lightweight bout between Michael Johnson and Daniel Zellhuber. In Johnson, we have a veteran competitor on a two-fight winning streak. As for Zellhuber, he enters UFC 318 coming off a split-decision loss that ended his run of three straight UFC victories. UFC 318 features a trilogy bout in the main event, as Max Holloway and Dustin Poirier meet in the PPV headliner. Holloway’s symbolic BMF title is on the line. Meanwhile, the fight is expected to be Poirier’s retirement bout. UFC 318 takes place on Saturday, July 19, at Smoothie King Center in New Orleans, Louisiana. The UFC 318 main card streams on ESPN+ pay-per-view following prelims on ESPN and early prelims on ESPN+. We look at the betting odds, line movement, picks, and predictions for the UFC 318 main card matchup between Johnson and Zellhuber. UFC 318 Fight Card Preview: Michael Johnson Vs. Daniel Zellhuber Michael Johnson (23-19) is one of the longer-tenured fighters on the UFC roster. The 39-year-old has been with the promotion since 2010 when he lost to Jonathan Brookins in the finals of season 12 of The Ultimate Fighter. Johnson has had an active, if up-and-down UFC career. While always game, he has a history of inconsistency. Johnson’s longest winning streaks with the UFC are a four-fight run between 2013 and 2015 and a three-fight unbeaten stretch in 2012. Johnson went 0-4 between 2019 and 2021. He ended that run with a 2022 knockout win over Alan Patrick. Since then, Johnson is 3-2. He enters UFC 318 on a two-fight winning streak, beating Darrius Flowers and Ottman Azaitar. He has not fought since he knocked out Azaitar in December, winning a “Performance of the Night” bonus in the process. Johnson is at the point in his career where the UFC is booking him as a gatekeeper against younger fighters or competitors who are relatively new to the promotion. Daniel Zellhuber (15-2) might be coming off a loss to Esteban Ribovics at UFC 306, but that fight was in the running for “Fight of the Year” in 2024, and earned Zellhuber his third straight UFC Fight Night bonus. Zellhuber might have lost some momentum in that fight, but he did not lose much stock. He is looking for a bounce-back performance at UFC 318. Zellhuber moved his professional record to 12-0 in September 2021 when he defeated Lucas Almeida to earn a UFC contract on a Dana White’s Contender Series card. UFC CEO Dana White praised both men for their performance that night, but offered the contract to Zellhuber, saying, ""First of all, he’s got an incredible chin, well-rounded game. He’s only 22 years old, which usually I look for people who are a couple of years older, but he’s 12-0 at 22 years old. You never see that. “He said something about fighting like a real Mexican. This dude fights like a real Mexican. He’s awesome. I love everything about him.” Zellhuber dropped his UFC debut, losing a decision to Trey Ogden by decision. He rebounded from that defeat with three straight wins before falling to Ribovics. UFC 318 Fight Card Betting Lines And Movement: Michael Johnson Vs. Daniel Zellhuber When the betting lines opened for this fight, Zellhuber was a heavy -350 favorite over the +285 Johnson. Since then, Zellhuber has climbed to -500, while Johnson is the +375 betting underdog. UFC 318 Fight Card Tale Of The Tape: Michael Johnson Vs. Daniel Zellhuber Michael Johnson Age: 39 Height: 5’10” Reach: 73” Stance: Southpaw Daniel Zellhuber Age: 26 Height: 6’1” Reach: 77” Stance: Switch UFC 318 Fight Card Predictions And Picks: Michael Johnson Vs. Daniel Zellhuber This should be a fun fight, as Johnson is a game opponent who won’t back down from any challenge, but Zellhuber is better than him everywhere. This matchmaking seems designed to give Zellhuber the opportunity to rebound from his loss to Ribovics. The pick is Zellhuber to win via decision, but there is a chance for a knockout depending on how willing Johnson is to get into a slugfest with the younger harder-hitting fighter. We will have more on the UFC 318 Johnson vs. Zellhuber bout as fight night nears, as well as live results, reactions, highlights and more for the UFC 318 pay-per-view card on fight night.",2025-07-13,https://www.forbes.com/sites/trentreinsmith/2025/07/13/ufc-318-fight-card-odds-picks-and-predictions-johnson-vs-zellhuber/
UFC 318: Holloway vs. Poirier 3,"""The Menace"" ""Golden Boy"" | Michael Johnson | Daniel Zellhuber | | |---|---|---| | Tale of the tape | || | Wins/Losses/Draws | 24-19-0 | 15-2-0 | | Average Fight Time | 11:30 | 13:54 | | Height | 5' 10"" | 6' 1"" | | Weight | 155 lbs. | 155 lbs. | | Reach | 73"" | 77"" | | Stance | Southpaw | Switch | | DOB | Jun 04, 1986 | Jul 07, 1999 | | Striking (Significant Strikes) | || | Strikes Landed per Min. (SLpM) | 4.23 | 6.26 | | Striking Accuracy | 39% | 40% | | Strikes Absorbed per Min. (SApM) | 3.80 | 6.02 | | Defense | 58% | 55% | | Grappling | || | Takedowns Average/15 min. | 0.61 | 0.18 | | Takedown Accuracy | 40% | 25% | | Takedown Defense | 81% | 94% | | Submission Average/15 min. | 0.0 | 0.2 | | Most recent fights (Newest First) | || | Win - Azaitar | Loss - Ribovics | | | Win - Flowers | Win - Prado | | | Loss - Ferreira | Win - Giagos | | | Win - Diakiese | Win - Vannata | | | Loss - Mullarkey | Loss - Ogden |",1999-07-07,http://ufcstats.com/fight-details/a95b03e9b5a91e47
UFC 318: Michael Johnson vs. Daniel Zellhuber Prediction,"UFC 318: Michael Johnson vs. Daniel Zellhuber Prediction for Tomorrow, 07/19/25 UFC 318: Michael Johnson vs. Daniel Zellhuber Pickswise Expert Predictions The first fight on the Main Card at UFC 318 will see Michael Johnson take on Daniel Zellhuber. This will be a fight in the UFC Lightweight division. Johnson enters this fight with an MMA record of 24-19 and 15-15 in the UFC. He is averaging 4.23 significant strikes per minute and has a striking accuracy of 39%. Johnson absorbs 3.80 strikes and has a striking defense of 58%. His grappling ability is also decent, averaging 0.61 takedowns every 15 minutes. Johnson has a takedown accuracy of 40% and a takedown defense of 81%. Zellhuber enters this fight with an MMA record of 15-2 and 4-2 in the UFC. He is averaging 6.26 significant strikes per minute and has a striking accuracy of 40%. Zellhuber absorbs 6.02 strikes and has a striking defense of 55%. His grappling has been lackluster, averaging just 0.18 takedowns every 15 minutes. He has a takedown accuracy of 25% and a strong takedown defense of 94%. Zellhuber is the clear favorite in this fight, so we will instead be targeting over 1.5 rounds. Zellhuber has seen all 6 of his UFC fights go over 1.5 total rounds, while Johnson has seen 4 of his last 6 UFC fights do the same. Based on the fact that both fighters have seen several of their recent fights go multiple rounds, backing over 1.5 total rounds will be our lean. UFC Analysis See All UFC NewsUFC 318 Predictions, Picks & Betting Odds ft. Max Holloway vs. Dustin Poirier: Holloway and Poirier Becomes a Brawl UFC 318 takes place on Saturday at the Smoothie King Center in New Orleans, Louisiana. It features a UFC Lightweight fight between Max Holloway and Dustin Poirier as the Main Event. Here are our U...",2025-07-16,https://www.pickswise.com/ufc/predictions/ufc-318-michael-johnson-vs-daniel-zellhuber-predictions-picks/
Daniel Zellhuber vs Michael Johnson - 07/19/25 - DRatings.com,"Daniel Zellhuber Michael Johnson Last 5 Fights Money Line Analysis Implied Margin Using the best lines from multiple sportsbooks, this would be the % take from the consensus sportsbook if bets were even on each side. More on Implied MarginImplied Margin Using the best lines from multiple sportsbooks, this would be the % take from the consensus sportsbook if bets were even on each side. More on Implied Margin| Open Line | Heritage | Bovada | BetOnline | YouWager | SportsBetting | Best Line | No-Vig OddsUsing a market maker sportsbook, this is what the line would be if there was no vigorish (sportsbook fee) in the price. More on No-Vig Odds | | |---|---|---|---|---|---|---|---|---| | Daniel Zellhuber | -510 | - | -625 | -600 | -600 | -600 | -600 | -428.6 | | Michael Johnson | +395 | - | +430 | +400 | +400 | +400 | +430 | +428.6 | | Open Line | South Point | Circa | Wynn | Stations | Westgate | Best Line | No-Vig OddsUsing a market maker sportsbook, this is what the line would be if there was no vigorish (sportsbook fee) in the price. More on No-Vig Odds | | |---|---|---|---|---|---|---|---|---| | Daniel Zellhuber | -475 | - | -620 | -600 | -600 | -600 | -600 | -428.6 | | Michael Johnson | +375 | - | +470 | +450 | +400 | +450 | +470 | +428.6 | Overall Base Rating Our analytical projection of the match in relation to the implied probability to win from the sportsbooks. More on Base Rating Base Rating Our analytical projection of the match in relation to the implied probability to win from the sportsbooks. More on Base RatingBet Trends Doing an analysis on the betting data, we project which team has which team has an edge. More on Bet Trends Bet Trends Doing an analysis on the betting data, we project which team has which team has an edge. More on Bet TrendsLatest ML Steam Move A quick and uniform line move across every sportsbook. Usually caused by an injury or deep-pocketed sharp bettor. More on Steam Move Steam Move A quick and uniform line move across every sportsbook. Usually caused by an injury or deep-pocketed sharp bettor. More on Steam MoveOverall Base Rating Our analytical projection of the match in relation to the implied probability to win from the sportsbooks. More on Base Rating Base Rating Our analytical projection of the match in relation to the implied probability to win from the sportsbooks. More on Base RatingBet Trends Doing an analysis on the betting data, we project which team has which team has an edge. More on Bet Trends Bet Trends Doing an analysis on the betting data, we project which team has which team has an edge. More on Bet TrendsLatest ML Steam Move A quick and uniform line move across every sportsbook. Usually caused by an injury or deep-pocketed sharp bettor. More on Steam Move Steam Move A quick and uniform line move across every sportsbook. Usually caused by an injury or deep-pocketed sharp bettor. More on Steam Move",2024-09-15,https://www.dratings.com/predictor/ufc-mma-predictions/8c1a8b5a-c258-5c04-814b-cabcb65e9824
"Michael Johnson vs. Daniel Zellhuber prediction, odds, pick for UFC 318","The UFC 318 Main Card is kicking off in the Lightweight (155) Division as we're set to bring you another betting prediction and pick for all the action. UFC veteran Michael Johnson will take on Mexico's budding star Daniel Zellhuber in what should be an exciting striking affair. Check the UFC odds for our Johnson-Zellhuber prediction and pick. Michael Johnson (23-19) has gone an even 15-15 inside the UFC since debuting in 2010. He's fought a who's-who of divisional talent spanning across almost two decades, seeing a minor resurgence with a 4-2 record over his last six fights. He'll look for his third consecutive win as the underdog here. Johnson stands 5-foot-10 with a 73.5-inch reach. Daniel Zellhuber (15-2) is currently 3-2 inside the UFC since 2022. After winning three-straight fights with a performance bonus as well, he dropped his most recent bout to Esteban Ribovics in an instant classic. After two fight cancellations prior to this, he's finally ready to step into the ring and bounce back with a win. Zellhuber stands 6-foot-1 with a 77-inch reach. Here are the UFC 318 Odds, courtesy of DraftKings. UFC 318 Odds: Michael Johnson-Daniel Zellhuber Odds Michael Johnson: +425 Daniel Zellhuber: -575 Over 1.5 rounds: -250 Under 1.5 rounds: +190 *Watch sports LIVE with fuboTV (Get Access | Save $30)* Why Michael Johnson Will Win - Last Fight: (W) Ottman Azaitar – KO (right hook, R2) - Last 5: 3-2 - Finishes: 10 KO/TKO, 2 SUB Michael Johnson impressed with his first knockout win in three years, turning back the clock with a patented right hook to put away Azaitar in his last fight. Michael Johnson has look extremely sharp over his last four fights and at 39 years old, he's seeing a second wind in terms of his striking offense and aggression in the exchanges. Look for him to pull out all the veteran stops against a much younger and greener opponent in Zellhuber. Michael Johnson has been in some of the more memorable wars in the division's history, but he shouldn't lend himself to another brawl at this age or point of his career. He'll need to be much more of a tactician in breaking down Zellhuber and getting him to drop his hands with punches to the body. Johnson's 58% career striking defense is an impressive number given his 30 fights in the UFC. He's always been solid with his head movement and forcing opponents to miss, in turn gassing their cardio in a three-round environment. Johnson certainly stands to see some success if he's able to take advantage of a less experienced opponent and drag him into deep waters during this one. Why Daniel Zellhuber Will Win - Last Fight: (L) Esteban Ribovics – S DEC - Last 5: 3-2 - Finishes: 7 KO/TKO, 3 SUB Daniel Zellhuber participated in yet another war against Esteban Ribovics for his second-straight “Fight of the Night” effort. While the latest decision didn't go his way, Zellhuber certainly put on a show and displayed his toughness in eating shots but remaining on his feet. Having that same attitude during this fight could benefit him as his chin is bound to hold up better than Johnson's at this point. Daniel Zellhuber is a very rangy striker and fights much longer than his actual reach suggests. He's very active in throwing front kicks and kicks to his opponents' body, so it only benefits him in keeping a safe striking distance between him and the target. He's landing 6.26 significant strikes per minute at a 40% clip, so his output is certainly where it needs to be against another talented boxer in Johnson. Zellhuber will have the most success in this fight if he's able to assertively close the distance and not allow Michael Johnson a chance to regroup in his stance. If he can manage to put Johnson on the back foot, he should be able to overwhelm him with aggression and eventually put him away with a finish. Final Michael Johnson-Daniel Zellhuber Prediction & Pick This should be a high-energy fight to kick off the Main Card action as both men are very talented strikers and willing to mix things up on the feet. Michael Johnson is seeing a recent stretch of success and has a ton of confidence heading into this matchup as the underdog. Daniel Zellhuber, on the other hand, is a raw talent who is hungry to get back in the win column after his last loss. While Michael Johnson can be seen as the more technical boxer here, it's hard to imagine a world where his strikes are doing more damage than Zellhuber's at this point. Zellhuber is younger, fresher, and has a more nuanced variety of strikes he's willing to throw, all of which benefit him during this particular fight. For our final prediction, it's hard to fade Daniel Zellhuber as he's just more physically imposing compared to Johnson at this point. I expect Zellhuber's strikes to be much more impactful on the bout as he cruises to a win. Final Michael Johnson-Daniel Zellhuber Prediction & Pick: Daniel Zellhuber (-575); OVER 1.5 Rounds (-250)",2025-07-17,https://clutchpoints.com/betting/michael-johnson-vs-daniel-zellhuber-prediction-odds-pick-for-ufc-318
Daniel Zellhuber - Wikipedia,"Daniel Zellhuber | Daniel Zellhuber | | |---|---| | Born | Daniel Olvera Zellhuber July 7, 1999 Mexico City, Mexico | | Other names | Golden Boy[1] | | Height | 6 ft 1 in (1.85 m) | | Weight | 155 lb (70 kg; 11 st 1 lb) | | Division | Lightweight | | Reach | 77 in (196 cm)[2] | | Style | Wrestling | | Fighting out of | Mexico City, Mexico | | Team | Xtreme Couture | | Years active | 2016–present | | Mixed martial arts record | | | Total | 17 | | Wins | 15 | | By knockout | 7 | | By submission | 3 | | By decision | 5 | | Losses | 2 | | By decision | 2 | | Other information | | | Mixed martial arts record from Sherdog | Daniel Olvera Zellhuber[2] (born July 7, 1999) is a Mexican professional mixed martial artist who currently competes in the Lightweight division of the Ultimate Fighting Championship (UFC). Mixed martial arts career [edit]Early career [edit]His professional MMA career took place on September 24, 2016, at Jasaji Fighting League. Zellhuber faced, and defeated via technical knockout, Sergio Vazquez. Since then, he would compile an undefeated 11–0 before making the jump to the big leagues. Dana White's Contender Series [edit]Zellhuber would participate in the fifth season of Dana White's Contender Series. On September 21, 2021, he faced Brazilian Lucas Almeida, winning the fight via unanimous decision.[3] As a result, Zellhuber earned a contract with the UFC.[4] Ultimate Fighting Championship [edit]Zellhuber debuted in the UFC on September 17, 2022, facing Trey Ogden at the UFC Fight Night 210 event. He lost the fight via unanimous decision.[5] Zellhuber faced Lando Vannata on April 15, 2023, at UFC on ESPN 44.[6] He won the fight via unanimous decision.[7] Zellhuber faced Christos Giagos on September 16, 2023, at UFC Fight Night 227.[8] He won the fight via submission with an anaconda choke in the second round.[9] This fight earned him a Performance of the Night award.[10] Zellhuber faced Francisco Prado on February 24, 2024, at UFC Fight Night 237. He won the fight via unanimous decision.[11] The win also earned Zellhuber his first Fight of the Night bonus award.[12] Zellhuber faced Esteban Ribovics on September 14, 2024 at UFC 306.[13] He lost the fight by split decision.[14] This fight earned him another Fight of the Night award.[15] Zellhuber was scheduled to face Elves Brener on March 29, 2025 at UFC on ESPN 64.[16] However, Brener withdrew from the fight and was replaced by Austin Hubbard.[17] In turn, Zellhuber was pulled from the card due to injury and was removed from the card.[17] Zellhuber is scheduled to face Michael Johnson on July 19, 2025 at UFC 318.[18] Championships and accomplishments [edit]- Ultimate Fighting Championship - Fight of the Night (Two times) vs. Francisco Prado and Esteban Ribovics[12][15] - Performance of the Night (One time) vs. Christos Giagos[10] - UFC Honors Awards - 2024: President's Choice Fight of the Year Nominee vs. Esteban Ribovics[19] - UFC.com Awards - 2024: Fight of the Year vs. Esteban Ribovics[20] Mixed martial arts record [edit]| 17 matches | 15 wins | 2 losses | | By knockout | 7 | 0 | | By submission | 3 | 0 | | By decision | 5 | 2 | | Res. | Record | Opponent | Method | Event | Date | Round | Time | Location | Notes | |---|---|---|---|---|---|---|---|---|---| | Loss | 15–2 | Esteban Ribovics | Decision (split) | UFC 306 | September 14, 2024 | 3 | 5:00 | Las Vegas, Nevada, United States | Fight of the Night. | | Win | 15–1 | Francisco Prado | Decision (unanimous) | UFC Fight Night: Moreno vs. Royval 2 | February 24, 2024 | 3 | 5:00 | Mexico City, Mexico | Fight of the Night. | | Win | 14–1 | Christos Giagos | Submission (anaconda choke) | UFC Fight Night: Grasso vs. Shevchenko 2 | September 16, 2023 | 2 | 3:26 | Las Vegas, Nevada, United States | Performance of the Night. | | Win | 13–1 | Lando Vannata | Decision (unanimous) | UFC on ESPN: Holloway vs. Allen | April 15, 2023 | 3 | 5:00 | Kansas City, Missouri, United States | | | Loss | 12–1 | Trey Ogden | Decision (unanimous) | UFC Fight Night: Sandhagen vs. Song | September 17, 2022 | 3 | 5:00 | Las Vegas, Nevada, United States | | | Win | 12–0 | Lucas Almeida | Decision (unanimous) | Dana White's Contender Series 41 | September 28, 2021 | 3 | 5:00 | Las Vegas, Nevada, United States | | | Win | 11–0 | Martin Gonzalez | TKO (punches) | LUX 013 | May 7, 2021 | 1 | 1:12 | Monterrey, Mexico | Catchweight (163 lb) bout. | | Win | 10–0 | Alexander Barahona | TKO (elbows and punches) | iKON Fighting Federation 4 | December 11, 2020 | 1 | 2:17 | San Carlos Nuevo Guaymas, Mexico | | | Win | 9–0 | Miguel Arizmendi | Submission (calf slicer) | LUX 010 | September 18, 2020 | 1 | 4:45 | Nuevo León, Mexico | | | Win | 8–0 | Gian Franco Cortez | TKO (punches) | Combate 38 | May 31, 2019 | 3 | 1:32 | Lima, Peru | | | Win | 7–0 | Salvador Izar | TKO (knee and punches) | Combate 28 | November 17, 2018 | 1 | 1:32 | Monterrey, Mexico | | | Win | 6–0 | Luis Medrano | Decision (unanimous) | Combate 21 | April 20, 2018 | 3 | 5:00 | Monterrey, Mexico | | | Win | 5–0 | Brandon Vega | Submission (triangle choke) | Jasaji Fighting League: Fight Night Volume 3 | October 28, 2017 | 1 | 2:45 | Tlalnepantla de Baz, Mexico | Return to Lightweight. | | Win | 4–0 | Jonathan Fuentes | TKO (punches) | Lutador Expertos del Combate 2 | July 28, 2017 | 2 | 1:10 | Tlalnepantla de Baz, Mexico | Welterweight debut. | | Win | 3–0 | Irving Antonio Uriarte | TKO (punches) | Jasaji Fighting League: Fight Night Volume 1 | May 27, 2017 | 1 | 3:00 | Tlalnepantla de Baz, Mexico | | | Win | 2–0 | Ivan Plascencia | Decision (unanimous) | Jasaji Fighting League 15 | March 18, 2017 | 3 | 5:00 | Tlalnepantla de Baz, Mexico | | | Win | 1–0 | Sergio Vazquez | TKO (punches) | Jasaji Fighting League 13 | September 24, 2016 | 2 | 1:00 | Tlalnepantla de Baz, Mexico | Lightweight debut. | See also [edit]References [edit]- ^ ""Daniel Zellhuber - Official UFC Profile"". UFC.com. 13 September 2022. Retrieved 2024-02-26. - ^ a b ""Daniel Zellhuber (""Golden Boy"") | MMA Fighter Page"". Tapology. Retrieved 2024-08-06. - ^ Stumberg, Patrick L. (2021-09-28). ""LIVE! UFC 'Contender Series' Results, Streaming Play-By-Play Updates"". MMAmania.com. Retrieved 2024-02-26. - ^ ""Daniel Zellhuber ficha por UFC, tras victoria en el Contender Series"". Trome (in Spanish). 2021-09-21. Retrieved 2024-02-26. - ^ Bitter, Shawn (2022-09-17). ""UFC Vegas 60: Trey Ogden Pulls Off Upset Against Daniel Zellhuber"". Cageside Press. Retrieved 2024-02-26. - ^ ATSteveDuncan (2023-01-21). ""Daniel Zellhuber vs Lando Vannatta agregado a UFC Fight Night del 15 de abril"". MMA.uno (in Spanish). Retrieved 2024-02-14. - ^ Dewar, Val (2023-04-15). ""UFC Kansas City: Daniel Zellhuber Gets First UFC Win in Wild Scrap with Lando Vannata"". Cageside Press. Retrieved 2024-02-26. - ^ ""Christos Giagos vs Daniel Zellhuber Set for Sep 16 UFC Event"". itnwwe.com. 2023-07-26. Retrieved 2024-02-14. - ^ Dewar, Val (2023-09-16). ""Noche UFC: Daniel Zellhuber Survives Early Scare, Subs Christos Giagos with Anaconda"". Cageside Press. Retrieved 2024-02-26. - ^ a b Staff (2023-09-17). ""Noche UFC post-fight bonuses: 5 get additional $50,000 performance bumps"". mmafighting.com. Retrieved 2023-09-17. - ^ ""UFC Mexico City results: Daniel Zellhuber bloodies, batters Francisco Prado in slugfest"". mmafighting. 2024-02-24. Retrieved 2024-02-25. - ^ a b Dan Hiergesell (2024-02-25). ""Bonuses! Ortega, Torres lead $50K winners with memorable submissions"". mmamania. Retrieved 2024-02-25. - ^ Nolan King (2024-07-26). ""Noche UFC at Sphere gets Sean O'Malley vs. Merab Dvalishvili title-fight headliner"". mmajunkie.usatoday.com. Retrieved 2024-07-26. - ^ Staff (2024-09-14). ""UFC 306: Insane Third Round Closes Out Daniel Zellhuber vs. Esteban Ribovics"". cagesidepress.com. Retrieved 2024-09-14. - ^ a b Chris Taylor (2024-09-14). ""UFC 306 Bonus Report: Ignacio Bahamondes one of four fighters to take home an extra $50k"". bjpenn.com. Retrieved 2024-09-14. - ^ Harvey Leonard (2025-02-09). ""UFC Matchmaking Bulletin: Potential No. 1 Contender Fight For Zhang Weili's Title Booked"". mmanews.com. Retrieved 2025-02-09. - ^ a b Harvey Leonard (2025-03-02). ""UFC Matchmaking Bulletin: New Fights For Gaethje, Mitchell, Hill, Aldo, And More"". mmanews.com. Retrieved 2025-03-03. - ^ Jed Meshew (2025-05-29). ""UFC 318: Fan-friendly lightweights collide on Max Holloway vs. Dustin Poirier 3 fight card"". mmafighting.com. Retrieved 2025-05-29. - ^ Mike Jones (2025-01-13). ""UFC Honors 2024 Event Recap"". homeoffight.com. Retrieved 2025-01-15. - ^ ""The Fights | 2024 UFC.com Awards | UFC"". www.ufc.com. 2024-12-19. Retrieved 2024-12-23.",2024-02-26,https://en.wikipedia.org/wiki/Daniel_Zellhuber
FanDuel Sportsbook,You need to enable JavaScript to run this app.,2022-12-07,https://sportsbook.fanduel.com/mma/ufc-matches/michael-johnson-v-daniel-zellhuber-34499973?tab=method-of-victory
Cómo y dónde ver la pelea Michael Johnson vs Daniel Zellhuber en UFC 318 en México y Estados Unidos: a qué hora es y en qué canales se puede ver en vivo | DAZN News MX,"¡Descubre qué deportes puedes ver en DAZN! UFC 318 trae consigo un evento estelar entre dos veteranos de la compañía: Max Holloway y Dustin Poirier. Ambos peleadores se verán las caras por el título BMF, en un duelo de cuentas pendientes y despedidas. Además, tendremos grandes combates, como el Michael Johnson vs Daniel Zellhuber. Daniel Zellhuber llega como favorito al combate, con un record que se mantiene en cifras muy positivas, de 15 victoras y 3 derrotas. Michael Johnson, por su parte, cuenta con 23 victorias pero ya acumula 19 derrotas. ¡Descubre en DAZN todos los detalles de la pelea entre Michael Johnson vs Daniel Zellhuber en UFC 318! Leer más | Consulta el calendario de UFC DAZN 2025 La pelea entre Michael Johnson vs Daniel Zellhuber de UFC 318 se disputa en la noche del sábado 19 de julio. Tendrá lugar en el Smoothie King Center de New Orleans (Louisiana, Estados Unidos). | País / Ciudad / Zona Horaria | Hora Local | |---|---| | México – Ciudad de México (CST) | 9:00 PM | | México – Tijuana (PST) | 7:00 PM | | México – Chihuahua (MST) | 8:00 PM | | México – Cancún (EST) | 10:00 PM | | EE.UU. – Los Ángeles (PDT) | 7:00 PM | | EE.UU. – Denver (MDT) | 8:00 PM | | EE.UU. – Luisiana (CDT) | 9:00 PM | | EE.UU. – Nueva York (EDT) | 10:00 PM | Leer más | Descubre cómo y dónde ver la próxima pelea de Ilia Topuria El evento Michael Johnson vs Daniel Zellhuber de UFC 318 se puede ver en Argentina vía FOX Sports 2 o Disney+. Leer más | Repasa la programación semanal de DAZN España UFC A continuación, la cartelera completa de UFC 318, con el Max Holloway vs Dustin Poirier como main event. Leer más | Descubre todos los detalles de la UFC",2025-07-17,https://www.dazn.com/es-MX/news/mma/como-donde-ver-pelea-michael-johnson-vs-daniel-zellhuber-ufc-318-mexico-estados-unidos-hora-canales-puede-ver-en-vivo/1eo3xs8e5dlr61f6jjt0gr6e7d
UFC 318 main card predictions: Does Holloway spoil Poirier's retirement?,"UFC 318 main card predictions: Does Holloway spoil Poirier's retirement? It's almost time for UFC 318, which means it's definitely time for MMA Knockout's staff predictions. Dustin Poirier and Max Holloway slug it out for the BMF belt this weekend, where 'The Diamond' is certain to retire, win or lose. MMAKO's Mat Riddle, Drew Beaupré, and Zain Bando are here to predict the main card. Dustin Poirier vs. Max Holloway 3 prediction Mat: I'm in Camp Poirier. I think sometimes fighters can have a guy's number, and the simplest prediction would be to pick the guy who's already up 2-0 in the rivalry. I choose Poirier by decision, or by overwhelming TKO, since Topuria laid the blueprint. (Pick: Poirier) Drew: As suitable a matchup as this may be for Poirier’s retirement fight, trilogies always feel a bit strange when one fighter is already up 2-0. Holloway’s second foray up to lightweight against Justin Gaethje certainly provides some hope that he could find more success here than in their 2019 meeting, and I’m going to side with “Blessed” to spoil Poirier’s retirement party in what will hopefully still be an action-packed fight. (Pick: Holloway) Zain: It's really hard for me to pick against Dustin Poirier in his hometown. UFC 318 was built for him, and I think he and Max Holloway will put on a show. Poirier's feel-good story, to me, should end the right way. (Pick: Poirier) Verdict: Poirier 2-1 Holloway Paulo Costa vs. Roman Kopylov prediction Mat: Costa certainly isn't as polished on the feet as Kopylov, but he's got an underrated ground game that I think he'll use effectively. He desperately needs this win, and I think Kopylov is just a bit too green to be fighting a guy like 'Borrachinha' right now. (Pick: Costa) Drew: In his prime, I think Costa’s forward pressure and overall aggression would allow him to keep Kopylov on the back foot and nullify a lot of his offense and kicking game. It’s hard to predict what fans should expect from “The Eraser” at this stage of his career, but given that he’s coming off losses to a pair of former middleweight champions, I’ll still take him to score his first win since 2022 and first meaningful victory since 2019. (Pick: Costa) Zain: I'm not looking forward to this fight at all. I think Paulo Costa is a shell of who he used to be and Roman Kopylov needs a signature win. I think he gets it done here. (Pick: Kopylov) Verdict: Costa 2-1 Kopylov Kevin Holland vs. Daniel Rodriguez prediction Mat: UFC surprised me with this fight, I think Holland should be fighting up the rankings. I believe his striking to be a head above Rodriguez's, and he has good offensive submissions to win the fight on the ground. I don't see a route to victory for D-Rod that isn't a Hail Mary punch. (Pick: Holland) Drew: Holland thankfully seems committed to the welterweight division for the immediate future, and the move has paid off with back-to-back wins and a pair of Performance of the Night bonuses. Rodriguez also enters this bout on a two-fight win streak, but it’s hard to see an area where “D-Rod” really holds a major advantage in this matchup. (Pick: Holland) Zain: This is a contender for FOTN. Kevin Holland's consistency helps the UFC build stars, but Daniel Rodriguez is no joke either. It should be a great fight. I think he catches Rodriguez with something he doesn't expect, delivering a highlight reel submission. (Pick: Holland) Verdict: Unanimous for Holland Dan Ige vs. Patricio Pitbull prediction Mat: Pitbull is rightfully the underdog in this one, I don't think he's UFC caliber at this point in his career. I anticipate Ige flattening him with a right hand in the opening frame. (Pick: Ige) Drew: I’m glad to see Pitbull making a quick turnaround after his lackluster UFC debut, but if he were to lose this fight then it would probably eliminate any hope of him making a run at the featherweight title. Ige certainly isn’t an easy out, but as long as Pitbull comes out with more urgency in this fight then I think the Bellator legend should get his hand raised. (Pick: Pitbull) Zain: I think Patricio Pitbull had an off night in his first UFC outing and feel confident in picking him against the always durable Dan Ige. To me, it's one of those fights that screams experience trumping everything else. (Pick: Pitbull) Verdict: Pitbull 2-1 Ige Michael Johnson vs. Daniel Zellhuber prediction Mat: Zellhuber shouldn't be as big a favorite as he is, but I definitely see him piecing Johnson up at range. Johnson always has the nuclear option in his fists, but like Rodriguez against Holland, it's a far cry. (Pick: Zellhuber) Drew: At first glance this matchup looks like it’s meant as a chance for Zellhuber to add a significant name to his record, but it’s easy to forget that Johnson has won two fights in a row and four out of his last six dating back to 2022. That being said, “The Menace” is going to be at a considerable reach and height disadvantage, and unless Johnson connects with something big then I expect Zellhuber will get the job done. (Pick: Zellhuber) Zain: Decent fight, but not the best. Michael Johnson seems to have one foot out the door, and this seems like a good resume booster for Daniel Zellhuber. (Pick: Zellhuber) Verdict: Unanimous for Zellhuber More MMA Knockout News • 18–0 MMA champ shot five times in brutal street attack • UFC star questions need for BMF belt in Holloway vs Poirier trilogy • Jon Anik names the next UFC 'BMF' title challenger following Holloway-Poirier 3 • Nate Diaz pleads with Conor McGregor to settle trilogy: 'Nobody else to fight' Stick with MMAKnockout for more FREE coverage of the UFC and MMA.",2025-07-17,https://www.si.com/fannation/mma/ufc/ufc-318-main-card-predictions-holloway-poirier
FanDuel Sportsbook,You need to enable JavaScript to run this app.,2022-12-07,https://sportsbook.fanduel.com/mma/ufc-matches/michael-johnson-v-daniel-zellhuber-34499973?tab=time-props
FanDuel Sportsbook,You need to enable JavaScript to run this app.,2022-12-07,https://sportsbook.fanduel.com/mma/ufc-matches/michael-johnson-v-daniel-zellhuber-34499973?tab=round-props
Michael Johnson v Daniel Zellhuber LIVE 20/07/2025 | MMA - Flashscore,"AD Les jeux d’argent et de hasard peuvent être dangereux : pertes d’argent, conflits familiaux, addiction… Retrouvez nos conseils sur www.joueurs-info-service.fr (09-74-75-13-13, appel non surtaxé) 18+ | Erlaubtes Glücksspiel gemäß der Whitelist | Suchtrisiken | Hilfe unter buwei.de 18+. Verantwortungsbewusst wetten. 18+ Jogue com responsabilidade 21+ | COMPETENT REGULATOR EEEP | RISK OF ADDICTION & LOSS OF PROPERTY | KETHEA HELPLINE: 210 9237777 | PLAY RESPONSIBLY & SAFELY | Les jeux d’argent et de hasard peuvent être dangereux : pertes d’argent, conflits familiaux, addiction… Retrouvez nos conseils sur www.joueurs-info-service.fr (09-74-75-13-13, appel non surtaxé) 18+ | Erlaubtes Glücksspiel gemäß der Whitelist | Suchtrisiken | Hilfe unter buwei.de 18+. Verantwortungsbewusst wetten. 18+ Jogue com responsabilidade Do you want to withdraw your consent to display betting ads? Yes, change settings",2025-07-01,https://www.flashscore.com/h2h/mma/johnson-michael-AJ2iPtdF/zellhuber-daniel-8UM1re73/
Daniel Zellhuber - Wikipedia,"Daniel Zellhuber | Daniel Zellhuber | | |---|---| | Born | Daniel Olvera Zellhuber July 7, 1999 Mexico City, Mexico | | Other names | Golden Boy[1] | | Height | 6 ft 1 in (1.85 m) | | Weight | 155 lb (70 kg; 11 st 1 lb) | | Division | Lightweight | | Reach | 77 in (196 cm)[2] | | Style | Wrestling | | Fighting out of | Mexico City, Mexico | | Team | Xtreme Couture | | Years active | 2016–present | | Mixed martial arts record | | | Total | 17 | | Wins | 15 | | By knockout | 7 | | By submission | 3 | | By decision | 5 | | Losses | 2 | | By decision | 2 | | Other information | | | Mixed martial arts record from Sherdog | Daniel Olvera Zellhuber[2] (born July 7, 1999) is a Mexican professional mixed martial artist who currently competes in the Lightweight division of the Ultimate Fighting Championship (UFC). Mixed martial arts career [edit]Early career [edit]His professional MMA career took place on September 24, 2016, at Jasaji Fighting League. Zellhuber faced, and defeated via technical knockout, Sergio Vazquez. Since then, he would compile an undefeated 11–0 before making the jump to the big leagues. Dana White's Contender Series [edit]Zellhuber would participate in the fifth season of Dana White's Contender Series. On September 21, 2021, he faced Brazilian Lucas Almeida, winning the fight via unanimous decision.[3] As a result, Zellhuber earned a contract with the UFC.[4] Ultimate Fighting Championship [edit]Zellhuber debuted in the UFC on September 17, 2022, facing Trey Ogden at the UFC Fight Night 210 event. He lost the fight via unanimous decision.[5] Zellhuber faced Lando Vannata on April 15, 2023, at UFC on ESPN 44.[6] He won the fight via unanimous decision.[7] Zellhuber faced Christos Giagos on September 16, 2023, at UFC Fight Night 227.[8] He won the fight via submission with an anaconda choke in the second round.[9] This fight earned him a Performance of the Night award.[10] Zellhuber faced Francisco Prado on February 24, 2024, at UFC Fight Night 237. He won the fight via unanimous decision.[11] The win also earned Zellhuber his first Fight of the Night bonus award.[12] Zellhuber faced Esteban Ribovics on September 14, 2024 at UFC 306.[13] He lost the fight by split decision.[14] This fight earned him another Fight of the Night award.[15] Zellhuber was scheduled to face Elves Brener on March 29, 2025 at UFC on ESPN 64.[16] However, Brener withdrew from the fight and was replaced by Austin Hubbard.[17] In turn, Zellhuber was pulled from the card due to injury and was removed from the card.[17] Zellhuber is scheduled to face Michael Johnson on July 19, 2025 at UFC 318.[18] Championships and accomplishments [edit]- Ultimate Fighting Championship - Fight of the Night (Two times) vs. Francisco Prado and Esteban Ribovics[12][15] - Performance of the Night (One time) vs. Christos Giagos[10] - UFC Honors Awards - 2024: President's Choice Fight of the Year Nominee vs. Esteban Ribovics[19] - UFC.com Awards - 2024: Fight of the Year vs. Esteban Ribovics[20] Mixed martial arts record [edit]| 17 matches | 15 wins | 2 losses | | By knockout | 7 | 0 | | By submission | 3 | 0 | | By decision | 5 | 2 | | Res. | Record | Opponent | Method | Event | Date | Round | Time | Location | Notes | |---|---|---|---|---|---|---|---|---|---| | Loss | 15–2 | Esteban Ribovics | Decision (split) | UFC 306 | September 14, 2024 | 3 | 5:00 | Las Vegas, Nevada, United States | Fight of the Night. | | Win | 15–1 | Francisco Prado | Decision (unanimous) | UFC Fight Night: Moreno vs. Royval 2 | February 24, 2024 | 3 | 5:00 | Mexico City, Mexico | Fight of the Night. | | Win | 14–1 | Christos Giagos | Submission (anaconda choke) | UFC Fight Night: Grasso vs. Shevchenko 2 | September 16, 2023 | 2 | 3:26 | Las Vegas, Nevada, United States | Performance of the Night. | | Win | 13–1 | Lando Vannata | Decision (unanimous) | UFC on ESPN: Holloway vs. Allen | April 15, 2023 | 3 | 5:00 | Kansas City, Missouri, United States | | | Loss | 12–1 | Trey Ogden | Decision (unanimous) | UFC Fight Night: Sandhagen vs. Song | September 17, 2022 | 3 | 5:00 | Las Vegas, Nevada, United States | | | Win | 12–0 | Lucas Almeida | Decision (unanimous) | Dana White's Contender Series 41 | September 28, 2021 | 3 | 5:00 | Las Vegas, Nevada, United States | | | Win | 11–0 | Martin Gonzalez | TKO (punches) | LUX 013 | May 7, 2021 | 1 | 1:12 | Monterrey, Mexico | Catchweight (163 lb) bout. | | Win | 10–0 | Alexander Barahona | TKO (elbows and punches) | iKON Fighting Federation 4 | December 11, 2020 | 1 | 2:17 | San Carlos Nuevo Guaymas, Mexico | | | Win | 9–0 | Miguel Arizmendi | Submission (calf slicer) | LUX 010 | September 18, 2020 | 1 | 4:45 | Nuevo León, Mexico | | | Win | 8–0 | Gian Franco Cortez | TKO (punches) | Combate 38 | May 31, 2019 | 3 | 1:32 | Lima, Peru | | | Win | 7–0 | Salvador Izar | TKO (knee and punches) | Combate 28 | November 17, 2018 | 1 | 1:32 | Monterrey, Mexico | | | Win | 6–0 | Luis Medrano | Decision (unanimous) | Combate 21 | April 20, 2018 | 3 | 5:00 | Monterrey, Mexico | | | Win | 5–0 | Brandon Vega | Submission (triangle choke) | Jasaji Fighting League: Fight Night Volume 3 | October 28, 2017 | 1 | 2:45 | Tlalnepantla de Baz, Mexico | Return to Lightweight. | | Win | 4–0 | Jonathan Fuentes | TKO (punches) | Lutador Expertos del Combate 2 | July 28, 2017 | 2 | 1:10 | Tlalnepantla de Baz, Mexico | Welterweight debut. | | Win | 3–0 | Irving Antonio Uriarte | TKO (punches) | Jasaji Fighting League: Fight Night Volume 1 | May 27, 2017 | 1 | 3:00 | Tlalnepantla de Baz, Mexico | | | Win | 2–0 | Ivan Plascencia | Decision (unanimous) | Jasaji Fighting League 15 | March 18, 2017 | 3 | 5:00 | Tlalnepantla de Baz, Mexico | | | Win | 1–0 | Sergio Vazquez | TKO (punches) | Jasaji Fighting League 13 | September 24, 2016 | 2 | 1:00 | Tlalnepantla de Baz, Mexico | Lightweight debut. | See also [edit]References [edit]- ^ ""Daniel Zellhuber - Official UFC Profile"". UFC.com. 13 September 2022. Retrieved 2024-02-26. - ^ a b ""Daniel Zellhuber (""Golden Boy"") | MMA Fighter Page"". Tapology. Retrieved 2024-08-06. - ^ Stumberg, Patrick L. (2021-09-28). ""LIVE! UFC 'Contender Series' Results, Streaming Play-By-Play Updates"". MMAmania.com. Retrieved 2024-02-26. - ^ ""Daniel Zellhuber ficha por UFC, tras victoria en el Contender Series"". Trome (in Spanish). 2021-09-21. Retrieved 2024-02-26. - ^ Bitter, Shawn (2022-09-17). ""UFC Vegas 60: Trey Ogden Pulls Off Upset Against Daniel Zellhuber"". Cageside Press. Retrieved 2024-02-26. - ^ ATSteveDuncan (2023-01-21). ""Daniel Zellhuber vs Lando Vannatta agregado a UFC Fight Night del 15 de abril"". MMA.uno (in Spanish). Retrieved 2024-02-14. - ^ Dewar, Val (2023-04-15). ""UFC Kansas City: Daniel Zellhuber Gets First UFC Win in Wild Scrap with Lando Vannata"". Cageside Press. Retrieved 2024-02-26. - ^ ""Christos Giagos vs Daniel Zellhuber Set for Sep 16 UFC Event"". itnwwe.com. 2023-07-26. Retrieved 2024-02-14. - ^ Dewar, Val (2023-09-16). ""Noche UFC: Daniel Zellhuber Survives Early Scare, Subs Christos Giagos with Anaconda"". Cageside Press. Retrieved 2024-02-26. - ^ a b Staff (2023-09-17). ""Noche UFC post-fight bonuses: 5 get additional $50,000 performance bumps"". mmafighting.com. Retrieved 2023-09-17. - ^ ""UFC Mexico City results: Daniel Zellhuber bloodies, batters Francisco Prado in slugfest"". mmafighting. 2024-02-24. Retrieved 2024-02-25. - ^ a b Dan Hiergesell (2024-02-25). ""Bonuses! Ortega, Torres lead $50K winners with memorable submissions"". mmamania. Retrieved 2024-02-25. - ^ Nolan King (2024-07-26). ""Noche UFC at Sphere gets Sean O'Malley vs. Merab Dvalishvili title-fight headliner"". mmajunkie.usatoday.com. Retrieved 2024-07-26. - ^ Staff (2024-09-14). ""UFC 306: Insane Third Round Closes Out Daniel Zellhuber vs. Esteban Ribovics"". cagesidepress.com. Retrieved 2024-09-14. - ^ a b Chris Taylor (2024-09-14). ""UFC 306 Bonus Report: Ignacio Bahamondes one of four fighters to take home an extra $50k"". bjpenn.com. Retrieved 2024-09-14. - ^ Harvey Leonard (2025-02-09). ""UFC Matchmaking Bulletin: Potential No. 1 Contender Fight For Zhang Weili's Title Booked"". mmanews.com. Retrieved 2025-02-09. - ^ a b Harvey Leonard (2025-03-02). ""UFC Matchmaking Bulletin: New Fights For Gaethje, Mitchell, Hill, Aldo, And More"". mmanews.com. Retrieved 2025-03-03. - ^ Jed Meshew (2025-05-29). ""UFC 318: Fan-friendly lightweights collide on Max Holloway vs. Dustin Poirier 3 fight card"". mmafighting.com. Retrieved 2025-05-29. - ^ Mike Jones (2025-01-13). ""UFC Honors 2024 Event Recap"". homeoffight.com. Retrieved 2025-01-15. - ^ ""The Fights | 2024 UFC.com Awards | UFC"". www.ufc.com. 2024-12-19. Retrieved 2024-12-23.",2024-02-26,https://en.wikipedia.org/wiki/Daniel_Zellhuber
FanDuel Sportsbook,You need to enable JavaScript to run this app.,2022-12-07,https://sportsbook.fanduel.com/mma/ufc-matches/michael-johnson-v-daniel-zellhuber-34499973?tab=method-of-victory
Cómo y dónde ver la pelea Michael Johnson vs Daniel Zellhuber en UFC 318 en México y Estados Unidos: a qué hora es y en qué canales se puede ver en vivo | DAZN News MX,"¡Descubre qué deportes puedes ver en DAZN! UFC 318 trae consigo un evento estelar entre dos veteranos de la compañía: Max Holloway y Dustin Poirier. Ambos peleadores se verán las caras por el título BMF, en un duelo de cuentas pendientes y despedidas. Además, tendremos grandes combates, como el Michael Johnson vs Daniel Zellhuber. Daniel Zellhuber llega como favorito al combate, con un record que se mantiene en cifras muy positivas, de 15 victoras y 3 derrotas. Michael Johnson, por su parte, cuenta con 23 victorias pero ya acumula 19 derrotas. ¡Descubre en DAZN todos los detalles de la pelea entre Michael Johnson vs Daniel Zellhuber en UFC 318! Leer más | Consulta el calendario de UFC DAZN 2025 La pelea entre Michael Johnson vs Daniel Zellhuber de UFC 318 se disputa en la noche del sábado 19 de julio. Tendrá lugar en el Smoothie King Center de New Orleans (Louisiana, Estados Unidos). | País / Ciudad / Zona Horaria | Hora Local | |---|---| | México – Ciudad de México (CST) | 9:00 PM | | México – Tijuana (PST) | 7:00 PM | | México – Chihuahua (MST) | 8:00 PM | | México – Cancún (EST) | 10:00 PM | | EE.UU. – Los Ángeles (PDT) | 7:00 PM | | EE.UU. – Denver (MDT) | 8:00 PM | | EE.UU. – Luisiana (CDT) | 9:00 PM | | EE.UU. – Nueva York (EDT) | 10:00 PM | Leer más | Descubre cómo y dónde ver la próxima pelea de Ilia Topuria El evento Michael Johnson vs Daniel Zellhuber de UFC 318 se puede ver en Argentina vía FOX Sports 2 o Disney+. Leer más | Repasa la programación semanal de DAZN España UFC A continuación, la cartelera completa de UFC 318, con el Max Holloway vs Dustin Poirier como main event. Leer más | Descubre todos los detalles de la UFC",2025-07-17,https://www.dazn.com/es-MX/news/mma/como-donde-ver-pelea-michael-johnson-vs-daniel-zellhuber-ufc-318-mexico-estados-unidos-hora-canales-puede-ver-en-vivo/1eo3xs8e5dlr61f6jjt0gr6e7d
UFC 318 main card predictions: Does Holloway spoil Poirier's retirement?,"UFC 318 main card predictions: Does Holloway spoil Poirier's retirement? It's almost time for UFC 318, which means it's definitely time for MMA Knockout's staff predictions. Dustin Poirier and Max Holloway slug it out for the BMF belt this weekend, where 'The Diamond' is certain to retire, win or lose. MMAKO's Mat Riddle, Drew Beaupré, and Zain Bando are here to predict the main card. Dustin Poirier vs. Max Holloway 3 prediction Mat: I'm in Camp Poirier. I think sometimes fighters can have a guy's number, and the simplest prediction would be to pick the guy who's already up 2-0 in the rivalry. I choose Poirier by decision, or by overwhelming TKO, since Topuria laid the blueprint. (Pick: Poirier) Drew: As suitable a matchup as this may be for Poirier’s retirement fight, trilogies always feel a bit strange when one fighter is already up 2-0. Holloway’s second foray up to lightweight against Justin Gaethje certainly provides some hope that he could find more success here than in their 2019 meeting, and I’m going to side with “Blessed” to spoil Poirier’s retirement party in what will hopefully still be an action-packed fight. (Pick: Holloway) Zain: It's really hard for me to pick against Dustin Poirier in his hometown. UFC 318 was built for him, and I think he and Max Holloway will put on a show. Poirier's feel-good story, to me, should end the right way. (Pick: Poirier) Verdict: Poirier 2-1 Holloway Paulo Costa vs. Roman Kopylov prediction Mat: Costa certainly isn't as polished on the feet as Kopylov, but he's got an underrated ground game that I think he'll use effectively. He desperately needs this win, and I think Kopylov is just a bit too green to be fighting a guy like 'Borrachinha' right now. (Pick: Costa) Drew: In his prime, I think Costa’s forward pressure and overall aggression would allow him to keep Kopylov on the back foot and nullify a lot of his offense and kicking game. It’s hard to predict what fans should expect from “The Eraser” at this stage of his career, but given that he’s coming off losses to a pair of former middleweight champions, I’ll still take him to score his first win since 2022 and first meaningful victory since 2019. (Pick: Costa) Zain: I'm not looking forward to this fight at all. I think Paulo Costa is a shell of who he used to be and Roman Kopylov needs a signature win. I think he gets it done here. (Pick: Kopylov) Verdict: Costa 2-1 Kopylov Kevin Holland vs. Daniel Rodriguez prediction Mat: UFC surprised me with this fight, I think Holland should be fighting up the rankings. I believe his striking to be a head above Rodriguez's, and he has good offensive submissions to win the fight on the ground. I don't see a route to victory for D-Rod that isn't a Hail Mary punch. (Pick: Holland) Drew: Holland thankfully seems committed to the welterweight division for the immediate future, and the move has paid off with back-to-back wins and a pair of Performance of the Night bonuses. Rodriguez also enters this bout on a two-fight win streak, but it’s hard to see an area where “D-Rod” really holds a major advantage in this matchup. (Pick: Holland) Zain: This is a contender for FOTN. Kevin Holland's consistency helps the UFC build stars, but Daniel Rodriguez is no joke either. It should be a great fight. I think he catches Rodriguez with something he doesn't expect, delivering a highlight reel submission. (Pick: Holland) Verdict: Unanimous for Holland Dan Ige vs. Patricio Pitbull prediction Mat: Pitbull is rightfully the underdog in this one, I don't think he's UFC caliber at this point in his career. I anticipate Ige flattening him with a right hand in the opening frame. (Pick: Ige) Drew: I’m glad to see Pitbull making a quick turnaround after his lackluster UFC debut, but if he were to lose this fight then it would probably eliminate any hope of him making a run at the featherweight title. Ige certainly isn’t an easy out, but as long as Pitbull comes out with more urgency in this fight then I think the Bellator legend should get his hand raised. (Pick: Pitbull) Zain: I think Patricio Pitbull had an off night in his first UFC outing and feel confident in picking him against the always durable Dan Ige. To me, it's one of those fights that screams experience trumping everything else. (Pick: Pitbull) Verdict: Pitbull 2-1 Ige Michael Johnson vs. Daniel Zellhuber prediction Mat: Zellhuber shouldn't be as big a favorite as he is, but I definitely see him piecing Johnson up at range. Johnson always has the nuclear option in his fists, but like Rodriguez against Holland, it's a far cry. (Pick: Zellhuber) Drew: At first glance this matchup looks like it’s meant as a chance for Zellhuber to add a significant name to his record, but it’s easy to forget that Johnson has won two fights in a row and four out of his last six dating back to 2022. That being said, “The Menace” is going to be at a considerable reach and height disadvantage, and unless Johnson connects with something big then I expect Zellhuber will get the job done. (Pick: Zellhuber) Zain: Decent fight, but not the best. Michael Johnson seems to have one foot out the door, and this seems like a good resume booster for Daniel Zellhuber. (Pick: Zellhuber) Verdict: Unanimous for Zellhuber More MMA Knockout News • 18–0 MMA champ shot five times in brutal street attack • UFC star questions need for BMF belt in Holloway vs Poirier trilogy • Jon Anik names the next UFC 'BMF' title challenger following Holloway-Poirier 3 • Nate Diaz pleads with Conor McGregor to settle trilogy: 'Nobody else to fight' Stick with MMAKnockout for more FREE coverage of the UFC and MMA.",2025-07-17,https://www.si.com/fannation/mma/ufc/ufc-318-main-card-predictions-holloway-poirier
No title found,"(�/� X��:��KG�� � t� �x � � ��k{Z�CR��� ��""��UK�R@uBP ު�����4�dn]R� ��� � e�w4Z�kqg��:��_Y<���I���K�&;ОQ�|�\v�=���9��s�A��`�S��g�bj,K�=v:�՞�XW{.�.����\,��\ ��j�_�0`a��a�0?��Aȕ ̐��-C���H��\V���f�˥b5��]����h4�I���/a6}~�j냉�t:���es�.�!˲Fu�P��ۋ2��RW��)k-Oi�8Z��_lR8��b �+p �ڣ�)�s�v�j��X����ڤ�Ǚ�6U��=uj�����t�&[�s_^�548<���Zn��='�����!CW�m6uz:7�RE�f��H�Q��#�:i�+����t�B'`qx�P�\뢕�dBB��P(�I�(�<)��'HPy�'Y� �$� P���P��D ��N""�2PF�1J}�$�o�R���I�{hpPT*�9�",No date found,https://masmma.com.mx/ufc/michael-johnson-vs-daniel-zellhuber-odds-vista-previa-de-lucha-completa-y-prediccion-ufc-318/46330/
FanDuel Sportsbook,You need to enable JavaScript to run this app.,2022-12-07,https://sportsbook.fanduel.com/mma/ufc-matches/michael-johnson-v-daniel-zellhuber-34499973?tab=time-props
FanDuel Sportsbook,You need to enable JavaScript to run this app.,2022-12-07,https://sportsbook.fanduel.com/mma/ufc-matches/michael-johnson-v-daniel-zellhuber-34499973?tab=round-props
Michael Johnson v Daniel Zellhuber LIVE 20/07/2025 | MMA - Flashscore,"AD Les jeux d’argent et de hasard peuvent être dangereux : pertes d’argent, conflits familiaux, addiction… Retrouvez nos conseils sur www.joueurs-info-service.fr (09-74-75-13-13, appel non surtaxé) 18+ | Erlaubtes Glücksspiel gemäß der Whitelist | Suchtrisiken | Hilfe unter buwei.de 18+. Verantwortungsbewusst wetten. 18+ Jogue com responsabilidade 21+ | COMPETENT REGULATOR EEEP | RISK OF ADDICTION & LOSS OF PROPERTY | KETHEA HELPLINE: 210 9237777 | PLAY RESPONSIBLY & SAFELY | Les jeux d’argent et de hasard peuvent être dangereux : pertes d’argent, conflits familiaux, addiction… Retrouvez nos conseils sur www.joueurs-info-service.fr (09-74-75-13-13, appel non surtaxé) 18+ | Erlaubtes Glücksspiel gemäß der Whitelist | Suchtrisiken | Hilfe unter buwei.de 18+. Verantwortungsbewusst wetten. 18+ Jogue com responsabilidade Do you want to withdraw your consent to display betting ads? Yes, change settings",2025-07-01,https://www.flashscore.com/h2h/mma/johnson-michael-AJ2iPtdF/zellhuber-daniel-8UM1re73/
Michael Johnson vs Daniel Zellhuber MMA Betting Odds & Lines | DraftKings Sportsbook,Responsible Gaming Want to start placing bets? LOG IN | SIGN UP Want to start placing bets? LOG IN | SIGN UP A-Z Sports The Open Championship MLB NBA Summer League UFC ATP - Los Cabos TT Elite Series MLS Mexico - Nacional League Boxing Euro '25 (W) ATP - Bastad ATP - Gstaad Mexican League South Korean KBO Mexico - Liga MX Brazil - Serie A Academy Awards Aussie Rules Baseball Basketball Cricket Cycling Darts Emmy Awards Football Futsal Golf Hockey Lacrosse MMA Motorsports Rodeo Rugby League Rugby Union Snooker Soccer Table Tennis Tennis Volleyball Water Polo A-Z Sports POPULAR The Open Championship MLB NBA Summer League UFC ATP - Los Cabos TT Elite Series MLS Mexico - Nacional League Boxing Euro '25 (W) ATP - Bastad ATP - Gstaad Mexican League South Korean KBO Mexico - Liga MX Brazil - Serie A Sports Teams A-Z SPORTS ACADEMY AWARDS Academy Awards AUSSIE RULES AFL BASEBALL MLB Japan NPB South Korean KBO Mexican League World Baseball Classic BASKETBALL WNBA WNBA - All Stars NBA Summer League NBA View All (16) BOXING Boxing CRICKET IPL Twenty20 International Vitality T20 Blast One Day Internationals (W) View All (15) CYCLING Tour de France DARTS World Matchplay Modus Super Series PDC World Championship EMMY AWARDS Emmy Awards FOOTBALL NFL College Football NFL Preseason Indoor Football League CFL FUTSAL Japan League GOLF The Open Championship Barracuda Championship Ryder Cup US Open View All (7) HOCKEY NHL College Hockey World Championship Finnish SM Liiga View All (16) LACROSSE Premier Lacrosse League MMA UFC PFL MOTORSPORTS Formula 1 NASCAR Cup Races NASCAR Xfinity IndyCar Series View All (9) RODEO Professional Bull Riders - Teams RUGBY LEAGUE NRL Super League NRL Women RUGBY UNION Prem Rugby United Rugby Championship France - Top 14 Six Nations View All (9) SNOOKER World Championship The Masters UK Championship Championship League SOCCER Euro '25 (W) Copa Sudamericana Brazil - Serie A Copa America (W) View All (89) TABLE TENNIS TT Elite Series Czech Republic TT Star Series TENNIS ATP - Los Cabos ATP - Bastad ATP - Gstaad WTA - Hamburg View All (65) VOLLEYBALL FIVB Nations League WATER POLO World Championship NFL WEEKLY ODDS NFL Odds Week 1 NFL Odds Week 2 NFL Odds Week 3 NFL Odds Week 4 NFL Odds Week 5 NFL Odds Week 6 NFL Odds Week 7 NFL Odds Week 8 NFL Odds Week 9 NFL Odds Week 10 NFL Odds Week 11 NFL Odds Week 12 NFL Odds Week 13 NFL Odds Week 14 NFL Odds Week 15 NFL Odds Week 16 NFL Odds Week 17 NFL Odds Week 18 PRIMETIME GAMES Monday Night Football Sunday Night Football Thursday Night Football PROP BETS MLB Player Props NBA Player Props NFL Player Props NFL TD Scorers Super Bowl Prop Bets FUTURES MLB Futures NBA Futures NFL Futures PLAYOFF PAGES College Football Playoffs March Madness NBA Playoffs NFL Playoffs CHAMPIONSHIP PAGES Final Four NBA Finals Ryder Cup Stanley Cup Super Bowl The Masters World Series Sportsbook / MMA Odds / UFC Odds / Michael Johnson vs Daniel Zellhuber Odds Loading... Loading... Loading... Loading... Loading...,2021-06-30,https://sportsbook.draftkings.com/event/32298294
"Michael Johnson vs Daniel Zellhuber Odds & Betting Lines - Jul 20, 2025","Latest Michael Johnson vs Daniel Zellhuber Odds Johnson Days Hours Minutes Seconds Zellhuber Total rounds odds Johnson vs Zellhuber odds explained Two of the most common ways to bet on the UFC is to bet the moneyline or who will win the fight, and the Over/Under for the number of rounds the fight will last. Almost all sportsbooks and betting sites offer UFC odds. Get in the game with the best UFC betting sites! UFC Moneyline odds The moneyline represents the odds for who will win the fight outright. These odds are listed in American format and the best odds are identified in green. When betting a favorite — identified by the minus sign in front of the odds number — in American odds, you need to wager the amount of the odds to win $100. For example, a -250 favorite would need a $250 wager to profit $100. When betting an underdog — identified by the plus sign in front of the odds number — in American odds, you can win the amount of the odds listed with a $100 wager. For example, a +180 underdog would profit $180 on a $100 bet. UFC Total rounds odds When making a wager on the total rounds odds, you’re betting as to how long the fight will last. For example, by taking the Under 2.5 rounds, you’re betting that the fight will end before the midway point of the third round. So, you're hoping the fight ends in Round 1, Round 2, or before the clock ticks below 2:30 in the third round. Again, the odds are listed in American format and the best odds are highlighted in green. You can convert American odds to other formats using our odds converter. Johnson vs Zellhuber FAQs Almost all sportsbooks and betting sites will offer UFC odds. Check out the best online sportsbooks in your area. No one can accurately predict who will win each UFC fight, but the favorite to win the fight is identified by the negative odds (i.e. -150). The underdog is identified by the positive odds (i.e. +200). Check out our UFC picks and predictions for betting advice on UFC events.",1995-01-01,https://www.covers.com/sport/mma/ufc/matchup-johnson-vs-zellhuber-odds-12904
"UFC 318: Johnson vs Zellhuber Odds, Preview & AI Pick","Michael Johnson vs Daniel Zellhuber Fight Analysis Introduction The lightweight clash between Michael Johnson and Daniel Zellhuber is set to ignite the octagon on July 20, 2025, as part of the Main Card at UFC 318: Holloway vs Poirier 3, hosted in the iconic Smoothie King Center in New Orleans, Louisiana, United States. The event’s spotlight bout is scheduled to begin at approximately 10:30 PM CT (2:00 AM UTC on July 20), with Johnson vs. Zellhuber featuring as one of the night’s most compelling matchups. Daniel Zellhuber, the rising Mexican freestyle standout, enters this contest as the clear favorite, with sportsbooks listing him around –350 across major bookmakers (DraftKings –325, Caesars –350, BetOnline –350, BetRivers –375). At just 25 years old, Zellhuber boasts a professional record of 15–2–0, including 7 knockouts and 3 submissions, and has demonstrated remarkable resilience with a 94% takedown defense and a 41% significant strike accuracy. After a hard-fought split decision loss to Esteban Ribovics in September 2024, he bounced back with a unanimous decision win over Francisco Prado in February 2024 and a slick submission of Christos Giagos in September 2023, showcasing his evolving all-round game and threat in every phase. On the opposite corner, Michael Johnson, the seasoned American boxing specialist, wears the underdog role at +275 (DraftKings +260, Caesars +275, BetOnline +285, BetRivers +265). At 38 years old, Johnson brings nearly fifteen years of UFC experience, measuring in with a 24–19–0 professional ledger, including 10 knockouts and 2 submissions. Known for his boxing pedigree and explosive first-round finishes (eight in total), “The Menace” averages 40% striking accuracy and holds a respectable 58% defense rate. His veteran savvy was on full display in December 2024 when he halted Ottman Azaitar via TKO in Round 2, snapping a three-fight skid that included a KO loss to Diego Ferreira and a unanimous decision win over Darrius Flowers earlier in the year. This bout marks a classic crossroads moment: the hungry up-and-comer in Zellhuber aiming to cement his status among the UFC’s lightweight elite, against the battle-tested veteran Johnson seeking one more signature victory. With contrasting fighting styles—Zellhuber’s freestyle grappling and takedown prowess versus Johnson’s refined boxing and finishing instincts—this fight promises fireworks, pivotal rankings implications, and potentially significant shifts in both men’s careers. Bettors have clearly sided with the Mexican phenom, but Johnson’s proven power and experience make him a dangerous underdog capable of springing an upset on fight night. Live odds Live and historic odds as well as more fighter statistics and insights for Michael Johnson vs Daniel Zellhuber can be found on the fighter matchup page. All the fighter matchups and live odds for Holloway vs Poirier 3 can be found on the Holloway vs Poirier 3 event page. Matchup Breakdown and Fighter Profiles Daniel Zellhuber Profile - Age: 25 - Country: Mexico - Fighting Style: Freestyle Wrestling & Grappling - Record: 15–2–0 (7 KOs, 3 Submissions) Recent Form - Sept. 14, 2024: Split Decision Loss vs. Esteban Ribovics - Feb. 24, 2024: Unanimous Decision Win vs. Francisco Prado - Sept. 16, 2023: Submission Win (Triangle Choke) vs. Christos Giagos Zellhuber has alternated between wins and his lone setback over the past three outings. He rebounded strongly from the Ribovics defeat, showcasing improved control and striking volume against Prado. His submission of Giagos demonstrated evolving jiu-jitsu instincts and the ability to capitalize on opponent mistakes. Strengths - Takedown Defense (94%): Near-impenetrable when defending double legs or single-leg entries. - Wrestling Base: Transitions smoothly from striking to grappling, setting up top control. - Cardio & Durability: Average fight time (13:54) indicates comfort in late rounds and sustained output. Weaknesses - Takedown Offense (25%): Relatively low success rate when initiating takedowns could limit ground control. - Significant Strike Accuracy (41%): Solid but not elite; may struggle to finish fights on the feet against a high-volume boxer. - Experience Ceiling: At 25, he has a shorter UFC tenure and may face tactical nuance issues against veteran game-plans. Michael Johnson Profile - Age: 38 - Country: United States - Fighting Style: Boxing & Striking - Record: 24–19–0 (10 KOs, 2 Submissions) Recent Form - Dec. 14, 2024: KO/TKO Win vs. Ottman Azaitar (Round 2) - Feb. 10, 2024: Unanimous Decision Win vs. Darrius Flowers - May 20, 2023: KO/TKO Loss vs. Diego Ferreira Johnson has shown flashes of his trademark power, ending Azaitar in the second frame after out-boxing Flowers. His KO loss to Ferreira exposed defensive gaps but also fueled a narrative of resurgence under new striking coaches. Strengths - Power & Finishing Instincts: Eight first-round finishes underscore his ability to end fights quickly once he finds range. - Takedown Accuracy (40%): Above-average wrestling entries can keep opponents guessing. - Experience & Ring IQ: Over a decade in the UFC gives him a strategic edge in pacing and fight management. Weaknesses - Age & Durability: At 38, reflexes and recovery may lag, particularly against younger, more explosive foes. - Takedown Defense (81%): Vulnerable to strong wrestlers who secure positions against the fence. - Consistency: A 40% significant strike accuracy paired with 58% defense suggests he can be out-landed by high-volume strikers. Head-to-Head Dynamics - Striking Exchanges: Johnson’s boxing precision versus Zellhuber’s volume and counter-wrestling. - Grappling Initiatives: Zellhuber will look to exploit Johnson’s 19% takedown defense gap, whereas Johnson can surprise with timely sprawls and short-range boxing. - Cardio & Pace: Zellhuber holds the edge in round-to-round output; Johnson must aim for early finishes to avoid wearing down. This clash of styles—veteran boxer against a rising freestyle grappler—promises tactical depth and high-level exchanges. Bettors should weigh Johnson’s knockout upside against Zellhuber’s grappling control and stamina over three rounds. Betting Odds & Line Movement Current Betting Odds - Favorite: Daniel Zellhuber - DraftKings: –325 - Caesars: –350 - BetOnline.ag: –350 - BetRivers: –375 - Underdog: Michael Johnson - DraftKings: +260 - Caesars: +275 - BetOnline.ag: +285 - BetRivers: +265 Daniel Zellhuber is a heavy favorite across the board, with odds ranging from –325 at DraftKings to –375 at BetRivers. Michael Johnson carries the underdog tag, offering paydays between +260 (DraftKings) and +285 (BetOnline.ag). If you’re looking to back the favorite at the most favorable line, DraftKings currently offers Zellhuber at –325. If you want the highest return on Johnson’s upset potential, BetOnline.ag’s +285 is the best value. Line Movement & Market Sentiment Since opening, the lines for both fighters have remained remarkably stable, with only minor fluctuations between bookmakers rather than significant shifts over time. - Zellhuber opened around –330 at most books and has flirted with –350 as the market consolidated around his status as a rising prospect. - Johnson has held steady in the +260 to +285 range, reflecting a consensus that his veteran savvy still carries enough threat to warrant mid-level underdog value. The absence of dramatic swings suggests no overwhelming public or sharp money tilted the scales after the initial release, pointing to a balanced marketplace where both camps are attracting interest. Bettors are evenly split between backing the Mexican phenom and banking on the veteran’s power. Betting Scenarios & Potential Payouts If you had $1,000 to place on either fighter tonight, here’s how your payout would look: - $1,000 on Daniel Zellhuber at –325 (DraftKings) - Total Return: ~$1,308 - Net Profit: ~$308 - $1,000 on Michael Johnson at +285 (BetOnline.ag) - Total Return: ~$3,850 - Net Profit: ~$2,850 Implied Win Probabilities - Daniel Zellhuber: Roughly 75–78% implied chance to win - Michael Johnson: Roughly 25–28% implied chance to win These probabilities reflect the collective confidence of bettors and bookmakers, capturing Zellhuber’s momentum and Johnson’s underdog intrigue. Best Books to Consider - DraftKings - Best for backing the favorite (Zellhuber at –325). - BetOnline.ag - Best for underdog bettors eyeing a big payout on Johnson (+285). When deciding where to place your wager, consider both the odds differential and the bookmaker’s reputation for reliable payouts. With no major line swings to exploit, your best move is to lock in the most favorable price on your chosen fighter sooner rather than later. AI Pick: Daniel Zellhuber Click the buttons below to read more about why the AI picked Daniel Zellhuber, or see all the AI picks for Holloway vs Poirier 3. Our AI is trained on our fight data and picks winners for every fight. You can track all the picks, accuracy, and profit for free on our ai-picks page.",2025-07-07,https://www.ufcbetcompanion.com/event-fighter/3904-Michael%20Johnson%20vs%20Daniel%20Zellhuber/fight-analysis/2387
Michael Johnson vs Daniel Zellhuber - AI generated fight pick,"Winner: Daniel Zellhuber Confidence Score: 68Daniel Zellhuber has notable physical advantages with a 3-inch height, 3.5-inch arm reach, and 2.5-inch leg reach edge over Michael Johnson, which historically correlates to higher success rates in lightweight matchups for younger fighters. Zellhuber is only 25, entering his prime, while Johnson is 38 and has shown signs of decline, losing 5 of his last 8 fights. Zellhuber's 94% takedown defense and 56% significant strike defense are both elite for the division, making it unlikely Johnson can exploit his wrestling or outbox him at range. While Johnson's experience and speed are factors, his low finishing rate in recent years and Zellhuber's improving output (plus a more diverse attack with submissions and reach) favor the younger fighter. Historically, fighters with Zellhuber's age, reach, and defensive stats win these types of matchups about 65-70% of the time, especially against older, volume-based boxers with declining durability. Live odds Live and historic odds as well as more fighter statistics and insights for Michael Johnson vs Daniel Zellhuber can be found on the fighter matchup page. All the fighter matchups and live odds for Holloway vs Poirier 3 can be found on the Holloway vs Poirier 3 event page.",2025-07-07,https://www.ufcbetcompanion.com/event-fighter/3904-Michael%20Johnson%20vs%20Daniel%20Zellhuber/picks/1901
Michael Johnson blasts Daniel Zellhuber for 'scumbag' way of getting UFC 318 fight,"NEW ORLEANS – Michael Johnson doesn't appreciate the way Daniel Zellhuber called him out. Zellhuber (15-2 MMA, 3-2 UFC) posted a video on Instagram of Johnson (23-19 MMA, 15-15 UFC) getting knocked out by Josh Emmett and Diego Ferreira, suggesting that he'd suffer the same fate if they fought. Zellhuber wound up getting his wish as the pair are matched up in Saturday's UFC 318 (pay-per-view, ESPN, ESPN+) main card opener at Smoothie King Center in New Orleans. ""I always look for knockouts, but I'm going in here to win,"" Johnson said at the UFC 318 media day on Wednesday. ""With him in here talking sh*t, he's a little too cocky, he's a little too confident. He's young. I get it. These guys are young and they run their mouth. ""Even the way he got this fight was kind of a scumbag way. He wants to post me getting knocked out on his Instagram and talk so much trash. He's just fueling my fire. He's just putting a lot of pressure on himself, and he's going to learn the hard way."" Still on a quest for gold at 39, Johnson plans on proving too experienced for Zellhuber. ""He's a tough kid. He's definitely got some skill. But I think they're pushing him a little too fast, too quick,"" Johnson said. ""I'm still chasing this world title. I'm going to track a world title at my age. I'm going to do something incredible. In order for me to get to the title, I have to do something incredible. I have to do something that hasn't been done before, and I'm willing to do that."" This article originally appeared on MMA Junkie: Michael Johnson blasts 'scumbag' Daniel Zellhuber ahead of UFC 318",2025-07-17,https://sports.yahoo.com/article/michael-johnson-blasts-daniel-zellhuber-125018966.html?fr=sycsrp_catchall
Canceled Bout Michael Johnson - Daniel Zellhuber on UFC 317 28.06.25 | GIDStats.com,Michael Johnson - Daniel Zellhuber Michael Johnson Johnson - Age 39 - Reach 73.5 cm 187 cm - Height 70 cm 178 cm - Leg Reach 41 cm 104 cm - Last Weigh-In 156 lbs 71 kg Daniel Zellhuber Zellhuber - Age 26 - Reach 77 cm 196 cm - Height 72.8 cm 185 cm - Leg Reach 43.5 cm 110 cm - Last Weigh-In 155 lbs 70 kg Other Bouts UFC 317 - Ilia Topuria17 - 0 - 012:00 AM ET • 5 x 5Lightweight Champion 155 lbsCharles Oliveira35 - 11 - 0 1 NC - Alexandre Pantoja30 - 5 - 011:30 PM ET • 5 x 5Flyweight Champion 125 lbsKai Kara-France25 - 12 - 0 1 NC - Brandon Royval17 - 8 - 011:00 PM ET • 3 x 5Flyweight Bout 125 lbsJoshua Van15 - 2 - 0 - Beneil Dariush23 - 6 - 110:30 PM ET • 3 x 5Lightweight Bout 155 lbsRenato Moicano20 - 7 - 1 - Payton Talbott10 - 1 - 010:00 PM ET • 3 x 5Bantamweight Bout 135 lbsFelipe Lima14 - 2 - 0 - Jack Hermansson24 - 9 - 09:05 PM ET • 3 x 5Middleweight Bout 185 lbsGregory Rodrigues17 - 6 - 0 - Hyder Amil11 - 1 - 08:40 PM ET • 3 x 5Featherweight Bout 145 lbsJose Delgado10 - 1 - 0 - Viviane Araujo13 - 7 - 08:15 PM ET • 3 x 5Flyweight Bout 125 lbsTracy Cortez12 - 2 - 0 - Terrance McKinney17 - 7 - 07:50 PM ET • 3 x 5Lightweight Bout 155 lbsSlava Borshchev8 - 6 - 1 - Niko Price16 - 9 - 0 2 NC7:25 PM ET • 3 x 5Welterweight Bout 170 lbsJacobe Smith11 - 0 - 0 - Jhonata Diniz9 - 1 - 07:00 PM ET • 3 x 5Heavyweight Bout 265 lbsAlvin Hines7 - 1 - 0,2025-06-28,https://gidstats.com/canceled/ufc_317-2397~michael_johnson_vs_daniel_zellhuber.html
Daniel Zellhuber Knows What To Expect From Johnson At UFC 318,"UFC lightweight Daniel Zellhuber respects his opponent at UFC 318, but doesn’t believe Michael Johnson will show much improvement on Saturday night. “Every fighter evolves in each fight. He’s not the exception. He’s still evolving,” Zellhuber told reporters including Cageside Press on Wednesday. “After all these fights as you say we can always expect to see the same version or at least kind of like the same things in his fighting style. That doesn’t mean that he is not a dangerous fighter, but it’s just that at this point I know what he’s going to try.” Zellhuber (15-2) respects Johnson, but doesn’t want to be fighting at 39-years-old because he needs to. If he’s still fighting at that point it has to be because he wants to. “I don’t envision myself only as a fighter. I like to do investments. I don’t want to be one of those fighters, like Michael Johnson, that I need to be fighting at 39-years-old,” Zellhuber told Cageside Press. “If I want to fight at 39-years-old I want to do it because I want (to). Not because I need to.” Watch the entire media day scrum with Daniel Zellhuber above. He takes on Michael Johnson at UFC 318 on Saturday night.",2025-07-16,https://cagesidepress.com/2025/07/16/daniel-zellhuber-knows-what-to-expect-from-johnson-at-ufc-318/
Michael Johnson vs Daniel Zellhuber MMA Betting Odds & Lines | DraftKings Sportsbook,Responsible Gaming Want to start placing bets? LOG IN | SIGN UP Want to start placing bets? LOG IN | SIGN UP A-Z Sports The Open Championship MLB NBA Summer League UFC ATP - Los Cabos TT Elite Series MLS Mexico - Nacional League Boxing Euro '25 (W) ATP - Bastad ATP - Gstaad Mexican League South Korean KBO Mexico - Liga MX Brazil - Serie A Academy Awards Aussie Rules Baseball Basketball Cricket Cycling Darts Emmy Awards Football Futsal Golf Hockey Lacrosse MMA Motorsports Rodeo Rugby League Rugby Union Snooker Soccer Table Tennis Tennis Volleyball Water Polo A-Z Sports POPULAR The Open Championship MLB NBA Summer League UFC ATP - Los Cabos TT Elite Series MLS Mexico - Nacional League Boxing Euro '25 (W) ATP - Bastad ATP - Gstaad Mexican League South Korean KBO Mexico - Liga MX Brazil - Serie A Sports Teams A-Z SPORTS ACADEMY AWARDS Academy Awards AUSSIE RULES AFL BASEBALL MLB Japan NPB South Korean KBO Mexican League World Baseball Classic BASKETBALL WNBA WNBA - All Stars NBA Summer League NBA View All (16) BOXING Boxing CRICKET IPL Twenty20 International Vitality T20 Blast One Day Internationals (W) View All (15) CYCLING Tour de France DARTS World Matchplay Modus Super Series PDC World Championship EMMY AWARDS Emmy Awards FOOTBALL NFL College Football NFL Preseason Indoor Football League CFL FUTSAL Japan League GOLF The Open Championship Barracuda Championship Ryder Cup US Open View All (7) HOCKEY NHL College Hockey World Championship Finnish SM Liiga View All (16) LACROSSE Premier Lacrosse League MMA UFC PFL MOTORSPORTS Formula 1 NASCAR Cup Races NASCAR Xfinity IndyCar Series View All (9) RODEO Professional Bull Riders - Teams RUGBY LEAGUE NRL Super League NRL Women RUGBY UNION Prem Rugby United Rugby Championship France - Top 14 Six Nations View All (9) SNOOKER World Championship The Masters UK Championship Championship League SOCCER Euro '25 (W) Copa Sudamericana Brazil - Serie A Copa America (W) View All (89) TABLE TENNIS TT Elite Series Czech Republic TT Star Series TENNIS ATP - Los Cabos ATP - Bastad ATP - Gstaad WTA - Hamburg View All (65) VOLLEYBALL FIVB Nations League WATER POLO World Championship NFL WEEKLY ODDS NFL Odds Week 1 NFL Odds Week 2 NFL Odds Week 3 NFL Odds Week 4 NFL Odds Week 5 NFL Odds Week 6 NFL Odds Week 7 NFL Odds Week 8 NFL Odds Week 9 NFL Odds Week 10 NFL Odds Week 11 NFL Odds Week 12 NFL Odds Week 13 NFL Odds Week 14 NFL Odds Week 15 NFL Odds Week 16 NFL Odds Week 17 NFL Odds Week 18 PRIMETIME GAMES Monday Night Football Sunday Night Football Thursday Night Football PROP BETS MLB Player Props NBA Player Props NFL Player Props NFL TD Scorers Super Bowl Prop Bets FUTURES MLB Futures NBA Futures NFL Futures PLAYOFF PAGES College Football Playoffs March Madness NBA Playoffs NFL Playoffs CHAMPIONSHIP PAGES Final Four NBA Finals Ryder Cup Stanley Cup Super Bowl The Masters World Series Sportsbook / MMA Odds / UFC Odds / Michael Johnson vs Daniel Zellhuber Odds Loading... Loading... Loading... Loading... Loading...,2021-06-30,https://sportsbook.draftkings.com/event/32298294
"Michael Johnson vs Daniel Zellhuber Odds & Betting Lines - Jul 20, 2025","Latest Michael Johnson vs Daniel Zellhuber Odds Johnson Days Hours Minutes Seconds Zellhuber Total rounds odds Johnson vs Zellhuber odds explained Two of the most common ways to bet on the UFC is to bet the moneyline or who will win the fight, and the Over/Under for the number of rounds the fight will last. Almost all sportsbooks and betting sites offer UFC odds. Get in the game with the best UFC betting sites! UFC Moneyline odds The moneyline represents the odds for who will win the fight outright. These odds are listed in American format and the best odds are identified in green. When betting a favorite — identified by the minus sign in front of the odds number — in American odds, you need to wager the amount of the odds to win $100. For example, a -250 favorite would need a $250 wager to profit $100. When betting an underdog — identified by the plus sign in front of the odds number — in American odds, you can win the amount of the odds listed with a $100 wager. For example, a +180 underdog would profit $180 on a $100 bet. UFC Total rounds odds When making a wager on the total rounds odds, you’re betting as to how long the fight will last. For example, by taking the Under 2.5 rounds, you’re betting that the fight will end before the midway point of the third round. So, you're hoping the fight ends in Round 1, Round 2, or before the clock ticks below 2:30 in the third round. Again, the odds are listed in American format and the best odds are highlighted in green. You can convert American odds to other formats using our odds converter. Johnson vs Zellhuber FAQs Almost all sportsbooks and betting sites will offer UFC odds. Check out the best online sportsbooks in your area. No one can accurately predict who will win each UFC fight, but the favorite to win the fight is identified by the negative odds (i.e. -150). The underdog is identified by the positive odds (i.e. +200). Check out our UFC picks and predictions for betting advice on UFC events.",1995-01-01,https://www.covers.com/sport/mma/ufc/matchup-johnson-vs-zellhuber-odds-12904
Michael Johnson blasts Daniel Zellhuber for 'scumbag' way of getting UFC 318 fight,"NEW ORLEANS – Michael Johnson doesn't appreciate the way Daniel Zellhuber called him out. Zellhuber (15-2 MMA, 3-2 UFC) posted a video on Instagram of Johnson (23-19 MMA, 15-15 UFC) getting knocked out by Josh Emmett and Diego Ferreira, suggesting that he'd suffer the same fate if they fought. Zellhuber wound up getting his wish as the pair are matched up in Saturday's UFC 318 (pay-per-view, ESPN, ESPN+) main card opener at Smoothie King Center in New Orleans. ""I always look for knockouts, but I'm going in here to win,"" Johnson said at the UFC 318 media day on Wednesday. ""With him in here talking sh*t, he's a little too cocky, he's a little too confident. He's young. I get it. These guys are young and they run their mouth. ""Even the way he got this fight was kind of a scumbag way. He wants to post me getting knocked out on his Instagram and talk so much trash. He's just fueling my fire. He's just putting a lot of pressure on himself, and he's going to learn the hard way."" Still on a quest for gold at 39, Johnson plans on proving too experienced for Zellhuber. ""He's a tough kid. He's definitely got some skill. But I think they're pushing him a little too fast, too quick,"" Johnson said. ""I'm still chasing this world title. I'm going to track a world title at my age. I'm going to do something incredible. In order for me to get to the title, I have to do something incredible. I have to do something that hasn't been done before, and I'm willing to do that."" This article originally appeared on MMA Junkie: Michael Johnson blasts 'scumbag' Daniel Zellhuber ahead of UFC 318",2025-07-17,https://sports.yahoo.com/article/michael-johnson-blasts-daniel-zellhuber-125018966.html?fr=sycsrp_catchall
Canceled Bout Michael Johnson - Daniel Zellhuber on UFC 317 28.06.25 | GIDStats.com,Michael Johnson - Daniel Zellhuber Michael Johnson Johnson - Age 39 - Reach 73.5 cm 187 cm - Height 70 cm 178 cm - Leg Reach 41 cm 104 cm - Last Weigh-In 156 lbs 71 kg Daniel Zellhuber Zellhuber - Age 26 - Reach 77 cm 196 cm - Height 72.8 cm 185 cm - Leg Reach 43.5 cm 110 cm - Last Weigh-In 155 lbs 70 kg Other Bouts UFC 317 - Ilia Topuria17 - 0 - 012:00 AM ET • 5 x 5Lightweight Champion 155 lbsCharles Oliveira35 - 11 - 0 1 NC - Alexandre Pantoja30 - 5 - 011:30 PM ET • 5 x 5Flyweight Champion 125 lbsKai Kara-France25 - 12 - 0 1 NC - Brandon Royval17 - 8 - 011:00 PM ET • 3 x 5Flyweight Bout 125 lbsJoshua Van15 - 2 - 0 - Beneil Dariush23 - 6 - 110:30 PM ET • 3 x 5Lightweight Bout 155 lbsRenato Moicano20 - 7 - 1 - Payton Talbott10 - 1 - 010:00 PM ET • 3 x 5Bantamweight Bout 135 lbsFelipe Lima14 - 2 - 0 - Jack Hermansson24 - 9 - 09:05 PM ET • 3 x 5Middleweight Bout 185 lbsGregory Rodrigues17 - 6 - 0 - Hyder Amil11 - 1 - 08:40 PM ET • 3 x 5Featherweight Bout 145 lbsJose Delgado10 - 1 - 0 - Viviane Araujo13 - 7 - 08:15 PM ET • 3 x 5Flyweight Bout 125 lbsTracy Cortez12 - 2 - 0 - Terrance McKinney17 - 7 - 07:50 PM ET • 3 x 5Lightweight Bout 155 lbsSlava Borshchev8 - 6 - 1 - Niko Price16 - 9 - 0 2 NC7:25 PM ET • 3 x 5Welterweight Bout 170 lbsJacobe Smith11 - 0 - 0 - Jhonata Diniz9 - 1 - 07:00 PM ET • 3 x 5Heavyweight Bout 265 lbsAlvin Hines7 - 1 - 0,2025-06-28,https://gidstats.com/canceled/ufc_317-2397~michael_johnson_vs_daniel_zellhuber.html
Daniel Zellhuber Knows What To Expect From Johnson At UFC 318,"UFC lightweight Daniel Zellhuber respects his opponent at UFC 318, but doesn’t believe Michael Johnson will show much improvement on Saturday night. “Every fighter evolves in each fight. He’s not the exception. He’s still evolving,” Zellhuber told reporters including Cageside Press on Wednesday. “After all these fights as you say we can always expect to see the same version or at least kind of like the same things in his fighting style. That doesn’t mean that he is not a dangerous fighter, but it’s just that at this point I know what he’s going to try.” Zellhuber (15-2) respects Johnson, but doesn’t want to be fighting at 39-years-old because he needs to. If he’s still fighting at that point it has to be because he wants to. “I don’t envision myself only as a fighter. I like to do investments. I don’t want to be one of those fighters, like Michael Johnson, that I need to be fighting at 39-years-old,” Zellhuber told Cageside Press. “If I want to fight at 39-years-old I want to do it because I want (to). Not because I need to.” Watch the entire media day scrum with Daniel Zellhuber above. He takes on Michael Johnson at UFC 318 on Saturday night.",2025-07-16,https://cagesidepress.com/2025/07/16/daniel-zellhuber-knows-what-to-expect-from-johnson-at-ufc-318/
